Company Common Name;Country of Headquarters;TRBC Business Sector Name;Current Ratio;debt to asset ratio ;equity to asset ratio ;debt to equity ratio ;Roa return on asset ;roe return on equity ;long term coverage ratio;asset turnover rate 
Siemens AG;Germany;Industrial Conglomerates;1,34846;0,420100378;0,704396183;2,054889715;0,089952909;0,089952909;3,062094395;1,286387013
Airbus SE;Netherlands;Industrial Goods;0,99898;0,260597251;0,192742543;9,190782123;0,042371056;0,042371056;4,064596102;1,059222569
Schneider Electric SE;France;Industrial Goods;1,34456;0,422366749;1,479928235;1,01288074;0,16072363;0,16072363;4,379292035;1,849667339
Vinci SA;France;Industrial & Commercial Services;0,87502;0,633353631;0,677842898;2,919094941;0,104582128;0,104582128;2,456195169;1,555640128
Safran SA;France;Industrial Goods;1,10279;0,203770965;0,499252217;2,464748048;0,243029591;0,243029591;4,292529489;0,874692875
Deutsche Post AG;Germany;Transportation;1,02479;0,34846842;0,856397398;2,060219989;0,183857414;0,183857414;11,75495916;4,096232041
Compagnie de Saint Gobain SA;France;Cyclical Consumer Products;1,26237;0,622398105;1,135859404;1,506693734;0,097594416;0,097594416;4,086312206;2,543312975
Deutsche Lufthansa AG;Germany;Transportation;0,87269;0,556895457;0,816665155;2,97224381;0,212167921;0,212167921;5,792738522;3,225949769
Bouygues SA;France;Industrial & Commercial Services;1,05282;0,309728834;0,483393058;3,016707236;0,057870247;0,057870247;5,685201174;1,760870728
MTU Aero Engines AG;Germany;Industrial Goods;1,06135;0,331296117;0,672654096;2,448864266;0,132332116;0,132332116;4,384026997;1,45241112
Thales SA;France;Industrial Goods;1,02626;0,064297949;0,331888006;3,764552898;0,045841369;0,045841369;15,97011012;1,026845321
Wolters Kluwer NV;Netherlands;Industrial & Commercial Services;0,73183;0,765613243;0,838224229;2,80475763;0,239277652;0,239277652;2,146437346;1,643340858
Legrand SA;France;Industrial Goods;1,28099;1,017747581;1,704179535;1,277171024;0,292855672;0,292855672;2,233694773;2,273337451
Ferrovial SA;Spain;Industrial & Commercial Services;1,37876;0,931663153;0,68250031;3,177721243;0,056182562;0,056182562;0,685835996;0,638968126
Teleperformance SE;France;Industrial & Commercial Services;1,47425;1,009461426;1,390101892;1,35078534;0,227074236;0,227074236;3,01369863;3,042212518
Air France KLM SA;France;Transportation;0,75145;1,088430117;0,265842349;11,44310631;0,017995142;0,017995142;2,623694087;2,855707662
Alstom SA;France;Industrial Goods;0,91685;0,166499785;0,482906594;2,923578199;0,052209984;0,052209984;6,310996564;1,050779574
Siemens Gamesa Renewable Energy SA;Spain;Renewable Energy;1,03364;0,112079532;0,806754732;1,725860905;0,009531935;0,009531935;11,08417011;1,242308593
Signify NV;Netherlands;Cyclical Consumer Products;1,52166;0,346975089;0,664887307;1,978590544;0,086892052;0,086892052;5,952991453;2,065539739
ACS Actividades de Construccion y Servicios SA;Spain;Industrial & Commercial Services;1,09677;0,250107324;0,181395346;7,373091042;0,0388687;0,0388687;6,762340207;1,691310812
Randstad NV;Netherlands;Industrial & Commercial Services;1,09817;0,12574968;0,835906007;1,296612562;0,124156917;0,124156917;36,39218139;4,576305181
Rheinmetall AG;Germany;Automobiles & Auto Parts;1,49355;0,164651698;0,528497409;2,369281046;0,064478987;0,064478987;10,30769231;1,697179044
Eiffage SA;France;Industrial & Commercial Services;1,05633;1,032282794;0,365417376;5,999067599;0,046678024;0,046678024;1,268091427;1,309028961
IMCD NV;Netherlands;Chemicals;1,41068;0,552039859;1,106633906;1,268628777;0,117255865;0,117255865;5,243599295;2,894675817
Getlink SE;France;Transportation;2,03169;5,482904289;2,665109105;2,652707541;0,146745168;0,146745168;0,244808898;1,342263757
Aena SME SA;Spain;Transportation;0,81773;5,99422822;4,681384733;1,693814169;1,014967413;1,014967413;0,544333877;3,262861488
Brenntag AG;Germany;Chemicals;1,48113;0,430860966;0,864805119;1,450154715;0,104944735;0,104944735;7,927698643;3,415735893
Edenred SA;France;Industrial & Commercial Services;0,80732;0,384513858;-0,33150022;-5,121433311;0,053013638;0,053013638;0,755148741;0,290365156
Societe BIC SA;France;Industrial & Commercial Services;3,07204;0,000181478;1,436775933;0,382783153;0,242541033;0,242541033;9494,92093;1,723121595
Osram Licht AG;Germany;Industrial Goods;1,27588;0,076612903;1,278225806;0,865141956;0,069052419;0,069052419;27,07236842;2,074092742
Bureau Veritas SA;France;Industrial & Commercial Services;1,30245;1,126873931;0,488177885;4,513396538;0,154945166;0,154945166;2,093482143;2,359090452
PostNL NV;Netherlands;Transportation;1,03043;0,319233839;0,027134876;60,17647059;0,11811652;0,11811652;6,8125;2,174780527
Rexel SA;France;Industrial Goods;1,60385;0,516579885;0,875982883;1,434157963;0,022240024;0,022240024;5,428688023;2,804351034
Kion Group AG;Germany;Industrial Goods;0,77439;1,391620763;1,201359013;3,129221192;0,169233244;0,169233244;2,195284736;3,05500382
Aalberts NV;Netherlands;Industrial Goods;1,31265;0,416515792;1,498994166;0,95289539;0,20569302;0,20569302;6,505674958;2,709716355
Hochtief AG;Germany;Industrial & Commercial Services;1,19572;0,232544181;0,190458428;6,465272348;0,044814099;0,044814099;10,36578747;2,41050356
Duerr AG;Germany;Industrial Goods;1,31674;0,25395085;0,368896643;2,963900506;0,08018214;0,08018214;6,088697366;1,546229874
GEA Group AG;Germany;Industrial Goods;1,20498;0,002346064;0,995184563;1,297569599;0,096564516;0,096564516;780,6907426;1,831550383
Fraport AG Frankfurt Airport Services Worldwide;Germany;Transportation;0,83573;3,756148514;3,673060488;1,800444663;0,31355047;0,31355047;0,741935484;2,786819865
PNE AG;Germany;Renewable Energy;1,72134;0,235915013;0,787666435;1,030823511;0,055370357;0,055370357;1,568033429;0,369922627
Knorr Bremse AG;Germany;Industrial Goods;1,67433;0,191519186;0,479039586;2,099589403;0,138829154;0,138829154;8,329714137;1,595300074
Rational AG;Germany;Cyclical Consumer Products;3,67797;0,020623243;0,979649056;0,344317323;0,329992662;0,329992662;78,56103838;1,62018341
Aeroports de Paris SA;France;Transportation;1,68747;1,680267772;1,459037297;2,119073629;0,182021039;0,182021039;0,686207551;1,153012432
Varta AG;Germany;Industrial Goods;3,1593;0,027406707;1,014366419;0,444533538;0,058650352;0,058650352;39,05758065;1,070439657
Koninklijke BAM Groep NV;Netherlands;Industrial & Commercial Services;0,99424;0,130293183;0,236030853;5,22326608;-0,004512774;-0,004512774;16,413808;2,13860729
Dassault Aviation SA;France;Industrial Goods;0,8815;0,107701273;0,409152002;3,035994017;0,06922221;0,06922221;4,999750068;0,538479447
Nordex SE;Germany;Industrial Goods;1,39759;0,399998056;0,595555642;2,055081122;0,00021321;0,00021321;4,986460455;1,994574487
Kloeckner & Co SE;Germany;Mineral Resources;2,24904;0,207606507;0,582911164;1,413184446;0,049288928;0,049288928;14,76933623;3,066210309
Bollore SA;France;Cyclical Consumer Services;0,9807;0,557601846;0,83300456;4,321697362;0,055505419;0,055505419;2,626391097;1,464480525
Spie SA;France;Industrial & Commercial Services;0,88489;0,634346876;0,527812868;4,389210358;0,040483282;0,040483282;3,542339912;2,247072257
Elis SA;France;Industrial & Commercial Services;0,52321;1,63239604;2,312950495;1,727680559;0,032871287;0,032871287;1,064389344;1,73750495
Wacker Neuson SE;Germany;Industrial Goods;3,30562;0,180484397;1,298090359;0,449497668;0,101886353;0,101886353;9,896129032;1,786096879
Koninklijke Boskalis Westminster NV;Netherlands;Industrial & Commercial Services;0,82984;0,222399861;2,484785616;0,597674183;0,123682063;0,123682063;8,658199263;1,925582309
TKH Group NV;Netherlands;Industrial Goods;1,462;0,292414925;0,938337425;1,158281975;0,136248747;0,136248747;8,016418313;2,344120363
DEUTZ AG;Germany;Industrial Goods;1,63133;0,046118497;0,958641064;1,051361068;0,194485475;0,194485475;52,63701068;2,4275398
Norma Group SE;Germany;Industrial Goods;2,08161;0,935399741;1,093142504;1,466694742;0,245930243;0,245930243;2,234642223;2,090283758
Sixt SE;Germany;Transportation;1,90553;0,563195327;0,350766059;3,241437279;0,063642384;0,063642384;1,530945603;0,862221409
Jungheinrich AG;Germany;Industrial Goods;1,46802;0,16002318;0,665153211;2,319022187;0,09737543;0,09737543;11,47663798;1,836528109
Nexans SA;France;Industrial Goods;1,43506;0,216591252;0,428355958;2,578873239;0,03800905;0,03800905;8,871866295;1,921568627
Bilfinger SE;Germany;Industrial & Commercial Services;1,45006;0,257421737;0,711980984;1,57160108;-0,044758003;-0,044758003;7,945383104;2,045314318
Krones AG;Germany;Industrial Goods;1,54591;2,78E-06;0,617898915;1,28009835;0,087484497;0,087484497;615225,8333;1,710839403
Europcar Mobility Group SA;France;Transportation;1,15354;0,398353198;0,212233165;6,341657362;0,015544528;0,015544528;1,535951867;0,611851339
Stabilus SA;Luxembourg;Industrial Goods;2,29598;0,863900413;1,153629593;1,368743451;0,285072181;0,285072181;3,013276317;2,603170654
Duro Felguera SA;Spain;Industrial & Commercial Services;0,74908;0,120082668;-0,244251861;-6,023205927;-0,41155676;-0,41155676;8,405058177;1,009301814
Pfeiffer Vacuum Technology AG;Germany;Industrial Goods;2,60908;0,195437161;1,041080471;0,724204439;0,174676342;0,174676342;9,742431284;1,904033114
Koninklijke VolkerWessels NV;Netherlands;Industrial & Commercial Services;1,0813;0,029657477;0,469507101;2,207295374;0,056390977;0,056390977;80,47887324;2,386800334
Bpost SA;Belgium;Transportation;0,61562;0,045328097;0,632875143;3,190045249;0,265832106;0,265832106;53,64981949;2,431844215
Sacyr SA;Spain;Industrial & Commercial Services;1,26852;0,863266453;0,301582776;7,217386804;0,023847875;0,023847875;0,653943073;0,564527117
Obrascon Huarte Lain SA;Spain;Industrial & Commercial Services;1,52775;0,084751621;0,205502924;4,634689719;-0,001145379;-0,001145379;3,549989033;0,300867324
Applus Services SA;Spain;Industrial & Commercial Services;1,54103;1,042479469;1,297354542;1,695049529;0,062079205;0,062079205;2,649445457;2,761992494
CNH Industrial NV;United Kingdom;Industrial Goods;2,24634;0,64315865;0,191557789;6,614750412;0,012605887;0,012605887;1,233324404;0,793223259
Leonardo SpA;Italy;Industrial Goods;0,89865;0,252376903;0,32457293;4,884972613;0,021411456;0,021411456;3,593874426;0,907010899
Prysmian SpA;Italy;Industrial Goods;1,26041;0,372554003;0,368742058;3,636802205;0,061245235;0,061245235;5,39154161;2,008640407
Arcadis NV;Netherlands;Industrial & Commercial Services;1,28887;0,310507456;0,640013352;1,849116359;0,046340274;0,046340274;5,13565992;1,594660698
Akka Technologies Se;Belgium;Industrial & Commercial Services;1,58547;0,672122436;0,30186519;4,595054303;0,05112732;0,05112732;2,585913004;1,738050147
Compania de Distribucion Integral Logista Holdings SA;Spain;Transportation;0,86095;0,000798495;0,098223339;12,46110407;0,03018064;0,03018064;2285,693198;1,825114223
Zardoya Otis SA;Spain;Industrial Goods;1,25812;0;1,450545517;0,660678452;0,515781334;0,515781334;#DIV/0!;2,628079192
Atlantia SpA;Italy;Transportation;1,56023;1,816404507;1,034401206;3,566294859;0,138171644;0,138171644;0,4139403;0,751883026
Intertrust NV;Netherlands;Industrial & Commercial Services;1,31766;3,316730315;3,03494685;1,472195348;0,380269259;0,380269259;0,629850448;2,089044074
Prosegur Compania de Seguridad SA;Spain;Industrial & Commercial Services;1,35241;0,306147264;0,456283029;2,576563279;0,064168302;0,064168302;5,98159097;1,831247711
Tarkett SA;France;Cyclical Consumer Products;1,77944;0,624054622;0,817647059;1,740364851;-0,040651261;-0,040651261;4,78219155;2,984348739
Hapag Lloyd AG;Germany;Transportation;0,7934;2,566057513;2,755229458;1,45257865;0,012714761;0,012714761;1,771254018;4,54513968
Mota Engil SGPS SA;Portugal;Industrial & Commercial Services;1,02122;0,42291649;0,123126596;14,02305183;0,000636611;0,000636611;2,462013731;1,041226207
ALD SA;France;Transportation;0,43043;3,077563527;1,041319756;5,307870646;0,175678603;0,175678603;0,830227389;2,555077533
Koenig & Bauer AG;Germany;Industrial Goods;1,61957;0,009550852;0,547237997;1,74504717;0,104672173;0,104672173;164,5405405;1,571502323
Befesa SA;Luxembourg;Industrial & Commercial Services;1,09142;2,181520981;0,710822009;4,971317096;0,206956105;0,206956105;1,396096341;3,04561346
Talgo SA;Spain;Industrial Goods;2,59528;0,478152671;0,550635223;1,68740332;0,060241726;0,060241726;1,411804028;0,675057867
MAN SE;Germany;Industrial Goods;0,86539;0,216192687;0,87362159;2,368543431;0,045269878;0,045269878;7,440939597;1,608676727
WashTec AG;Germany;Industrial Goods;1,10598;0,016790972;0,735608575;1,483485683;0,288304893;0,288304893;197,667907;3,319036276
Indus Holding AG;Germany;Industrial Conglomerates;1,67218;0,62831637;0,959049974;1,464084017;0,117698267;0,117698267;3,732587107;2,345245583
Hamburger Hafen und Logistik AG;Germany;Transportation;2,0377;0,573209899;1,172985797;2,21094741;0,166365332;0,166365332;4,481748009;2,568982324
Construcciones y Auxiliar de Ferrocarriles SA;Spain;Industrial Goods;1,42731;0,303865605;0,364465337;3,151363842;0,020595905;0,020595905;2,360826028;0,71737383
Traton SE;Germany;Industrial Goods;0,98369;0,318166169;0,671448244;2,654503504;0,059042919;0,059042919;4,394229035;1,39809502
Amadeus Fire AG;Germany;Industrial & Commercial Services;2,64956;0;0,723505741;0,675370971;0,319593555;0,319593555;#DIV/0!;2,866942187
Fluidra SA;Spain;Cyclical Consumer Products;1,80573;0,342967955;0,830572227;1,291341226;0,077301841;0,077301841;5,750344768;1,972183983
JOST Werke AG;Germany;Automobiles & Auto Parts;2,44046;0,623036998;0,73362398;1,97155728;-0,22025226;-0,22025226;3,944852569;2,457789101
Interpump Group SpA;Italy;Industrial Goods;1,7667;0,348667072;1,089014391;0,994590109;0,192855667;0,192855667;4,470283058;1,558640505
CTT Correios de Portugal SA;Portugal;Transportation;0,81459;7,92E-05;0,197620117;7,750699247;0,029306143;0,029306143;9173,666983;0,726662455
Derichebourg SA;France;Industrial & Commercial Services;0,97936;0,253201491;0,823310099;1,78184682;0,114281083;0,114281083;18,69206146;4,732857838
SGL Carbon SE;Germany;Mineral Resources;1,97893;0,296896239;0,517671047;2,373522976;0,157340281;0,157340281;3,281571919;0,974286362
Haulotte Group SA;France;Industrial Goods;2,46041;0,23265806;0,8166328;0,822484637;0,060240964;0,060240964;7,343439393;1,708510362
Picanol NV;Belgium;Industrial Goods;2,16015;0;2,127003092;0,2340094;0,343286353;0,343286353;#DIV/0!;2,325165715
Aannemingsmaatschappij Cfe NV;Belgium;Industrial & Commercial Services;0,86592;0,355168769;0,896508871;1,830185565;0,098524551;0,098524551;4,714314704;1,674377349
Cewe Stiftung & Co KGaA;Germany;Industrial & Commercial Services;1,21651;0;1,21926003;0,804668195;0,177801981;0,177801981;#DIV/0!;3,247902985
Brunel International NV;Netherlands;Industrial & Commercial Services;3,21052;0;0,796117022;0,409501101;0,022639844;0,022639844;#DIV/0!;2,339766465
Aumann AG;Germany;Industrial Goods;2,59643;0,094589994;0,741021949;0,808932041;0,053488878;0,053488878;9,123026886;0,862947057
Heijmans NV;Netherlands;Industrial & Commercial Services;0,91116;0,111620282;0,331925893;3,752850281;0,039996398;0,039996398;25,71126025;2,869898116
Manitou BF SA;France;Industrial Goods;1,84233;0,05571193;0,617759333;1,067980103;0,069734415;0,069734415;33,21505668;1,850474899
Akasol AG;Germany;Industrial Goods;1,486;0,578927634;0,152230971;8,253078818;0,056711661;0,056711661;2,345045337;1,357611549
Somfy SA;France;Cyclical Consumer Products;1,94736;0,052837684;1,214831631;0,534644793;0,252099886;0,252099886;37,19337033;1,965211565
DMG Mori AG;Germany;Industrial Goods;1,60252;0,023770839;0,772156401;0,929646571;0,078074081;0,078074081;65,67807702;1,561223025
Mersen SA;France;Technology Equipment;1,5538;0,449228979;1,356997381;1,036663808;0,109397731;0,109397731;5,240932642;2,354378819
Heidelberger Druckmaschinen AG;Germany;Industrial Goods;1,62721;0,306125177;0,258970738;5,616522055;0,01030447;0,01030447;6,005508835;1,838437458
Centrotec Sustainable AG;Germany;Industrial Goods;3,25231;0,444726085;0,767688307;1,249542707;0,060111387;0,060111387;3,974933772;1,767756734
Prosegur Cash SA;Spain;Industrial & Commercial Services;1,48112;0,794452589;0,300691489;5,470414515;0,347538524;0,347538524;2,761072943;2,193541547
Vossloh AG;Germany;Industrial & Commercial Services;1,61682;0,47938343;0,996917148;1,421530731;-0,015414258;-0,015414258;3,690916399;1,769364162
Lisi SA;France;Industrial Goods;1,69284;0,364434485;1,06307745;1,053165109;0,128958317;0,128958317;5,386251155;1,962935667
Grupo Empresarial San Jose SA;Spain;Industrial & Commercial Services;1,29754;0,614140194;-0,072706357;-20,58720422;0,016893688;0,016893688;1,641979316;1,008405496
Bauer AG;Germany;Mineral Resources;1,14341;0,178014194;0,420292831;2,893547991;0,00277172;0,00277172;9,47772152;1,687168962
Bertrandt AG;Germany;Industrial & Commercial Services;2,81276;0,425597628;0,849610527;0,976541582;0,100930602;0,100930602;5,104419198;2,172428703
Latecoere SA;France;Industrial Goods;1,57406;0,090664349;0,594251888;1,515456657;0,067778945;0,067778945;14,58963604;1,32275985
Id Logistics SAS;France;Transportation;0,95699;0,23182278;0,378131468;3,564923654;0,039744634;0,039744634;14,11204535;3,27149358
Jacquet Metal Service SA;France;Mineral Resources;1,66712;0,235551928;0,433127075;2,223076875;0,06279438;0,06279438;10,03920201;2,364753386
va Q tec AG;Germany;Cyclical Consumer Products;1,76658;0,446793875;1,584878574;0,801988979;-0,025660964;-0,025660964;3,141174108;1,403457351
Alfen NV;Netherlands;Industrial Goods;1,03388;0,078949872;0,323694474;3,333088451;0,081851042;0,081851042;44,19759036;3,489394084
2G Energy AG;Germany;Industrial Goods;2,29673;0,071653676;0,620816955;1,108485792;0,056371465;0,056371465;29,76194891;2,132553058
Financiere de l'Odet SA;France;Cyclical Consumer Services;0,97676;0,571530107;0,331536496;11,80780441;0,029292445;0,029292445;2,562228401;1,464390672
Energiekontor AG;Germany;Utilities;2,8079;1,265028734;0,437285582;4,150259141;0,074018268;0,074018268;0,737615356;0,933104621
Sif Holding NV;Netherlands;Renewable Energy;0,97622;0,316226314;1,134722341;1,190842888;0,374350424;0,374350424;12,59159483;3,98179362
BayWa AG;Germany;Food & Beverages;1,36512;0,255634397;0,271634187;4,857994026;0,009649612;0,009649612;15,40333872;3,937623211
technotrans SE;Germany;Industrial Goods;2,09353;0,284231413;1,029911303;0,801604532;0,180519154;0,180519154;10,68481375;3,036959709
Kendrion NV;Netherlands;Industrial Goods;1,38298;0,513360324;1,454251012;1,005567929;0,157894737;0,157894737;7,283911672;3,739271255
Colas SA;France;Industrial & Commercial Services;1,03118;0,025915261;0,575277664;2,079013228;0,067873303;0,067873303;92,8968254;2,407445496
GL Events SA;France;Industrial & Commercial Services;0,88796;0,86879521;0,625773782;3,396501373;0,058308994;0,058308994;1,823995105;1,58467821
Stef SA;France;Transportation;0,68404;0,332398419;0,844691775;2,256208634;0,126386174;0,126386174;12,08287652;4,016329054
Schaltbau Holding AG;Germany;Industrial Goods;1,49789;0,417760049;0,132198077;10,49983463;-0,174028569;-0,174028569;4,158017197;1,737053468
Villeroy & Boch AG;Germany;Cyclical Consumer Products;1,91179;0,120009563;0,452306957;2,631606765;0,071479799;0,071479799;16,66334661;1,999760937
MAX Automation SE;Germany;Industrial Goods;1,98374;0,305516033;0,652147898;1,335859443;0,065793813;0,065793813;3,868012398;1,181739802
Dr Hoenle AG;Germany;Industrial Goods;2,89013;0,097050105;1,212099568;0,507159694;0,186189779;0,186189779;18,75363385;1,820042141
Etex NV;Belgium;Cyclical Consumer Products;0,93338;0,58985214;1,094606166;2,167944499;0,164835911;0,164835911;5,273840694;3,110786221
Engie Eps SA;France;Renewable Energy;2,09784;0,81975144;-0,100140059;-15,31733758;-0,551033626;-0,551033626;0,746571316;0,612002911
Singulus Technologies AG;Germany;Industrial Goods;1,78765;0,165745856;0,269337017;3,507692308;-0,044198895;-0,044198895;7,5;1,243093923
Fincantieri SpA;Italy;Industrial Goods;0,96182;0,06367613;0,285130579;4,170576907;0,013172591;0,013172591;18,17291665;1,15718101
Europlasma SA;France;Industrial & Commercial Services;0,69224;0,372742367;-0,515909322;-4,036912972;-0,739791942;-0,739791942;1,194;0,445054386
Sonae Capital SGPS SA;Portugal;Industrial Conglomerates;1,49098;0,572238317;1,812815178;0,840324643;-0,042102266;-0,042102266;2,001117262;1,145115975
Figeac Aero SARL;France;Industrial Goods;1,65663;0,548073618;0,477905089;2,794204911;0,051926382;0,051926382;1,614575847;0,884906426
Airtificial Intelligence Structures SA;Spain;Industrial & Commercial Services;2,41155;0,102915609;1,008932358;0,591432749;0,000295947;0,000295947;6,940367909;0,71427219
Voltabox AG;Germany;Industrial Goods;18,93193;0,025411286;1,089440851;0,102964283;-0,046654205;-0,046654205;7,68686584;0,195333147
General de Alquiler de Maquinaria SA;Spain;Industrial & Commercial Services;1,51714;3,274363542;-0,194147554;-20,35286247;-0,143731908;-0,143731908;0,659768109;2,160320641
Seche Environnement SA;France;Industrial & Commercial Services;0,95202;1,569748896;1,050543177;2,589892376;0,065387575;0,065387575;1,463707469;2,297653184
Gesco AG;Germany;Industrial Goods;2,01463;0,29035342;0,797790127;1,17825923;0,061318078;0,061318078;7,177996117;2,08415572
SFC Energy AG;Germany;Renewable Energy;1,17701;0,000897964;0,635933585;1,485385159;-0,094840961;-0,094840961;2767,167176;2,484817446
GECI International SA;France;Industrial Goods;0,92615;0,204933785;-0,076976834;-19,5728552;-0,067752193;-0,067752193;4,793009378;0,982249554
Frequentis AG;Austria;Technology Equipment;2,27403;0,043540495;0,515758002;1,19048348;0,057195665;0,057195665;36,60363067;1,593740189
STS Group AG;Germany;Automobiles & Auto Parts;0,95095;0,106937481;0,378786081;3,532242113;0,293239843;0,293239843;18,09966719;1,935532814
Westag & Getalit AG;Germany;Cyclical Consumer Products;2,81786;0;1,310222319;0,530879744;0,078485921;0,078485921;#DIV/0!;2,823072476
Eurokai GmbH & Co KGaA;Germany;Transportation;2,81267;0,23552039;1,242934085;0,861999534;0,16570164;0,16570164;4,86403421;1,145579235
Groupe Gorge SA;France;Industrial Goods;1,43809;0,132783876;0,371614951;3,028456165;-0,058643713;-0,058643713;7,661645646;1,017343006
Gaussin SA;France;Industrial Goods;0,54806;0,265948086;0,461119666;5,448777579;-0,927848658;-0,927848658;0,623449132;0,165805103
Abengoa SA;Spain;Industrial & Commercial Services;0,84662;0,29453167;-0,520987652;-3,215646333;0,776576059;0,776576059;0,912070058;0,268633518
Kuka AG;Germany;Industrial Goods;1,22446;0,150177422;0,521501173;2,044746857;0,053226679;0,053226679;13,93311974;2,092440007
Assystem SA;France;Industrial & Commercial Services;1,54001;0,015209125;1,65356992;0,5074093;1,707224335;1,707224335;109,7777778;1,669623997
MBB SE;Germany;Banking & Investment Services;3,01613;0,098539192;0,686553444;1,114693865;0,011059382;0,011059382;9,716210679;0,957427553
Thermador Groupe SA;France;Industrial Goods;2,53527;0,12708457;0,97831686;0,555105938;0,135435753;0,135435753;10,87336528;1,381836951
SLM Solutions Group AG;Germany;Industrial Goods;7,30923;0,531310809;0,699716756;1,022666509;-0,028098962;-0,028098962;1,166520546;0,619784975
Muehlbauer Holding AG;Germany;Industrial Goods;1,68707;0;1,081640734;0,54875146;0,175082141;0,175082141;#DIV/0!;1,723399241
Aliaxis SA;Belgium;Cyclical Consumer Products;Unable to collect data for the field 'TR.CurrentRatio' and some specific identifier(s).;#VALORE!;#VALORE!;#VALORE!;#VALORE!;#VALORE!;#VALORE!;#VALORE!
Deceuninck NV;Belgium;Cyclical Consumer Products;1,94756;0,469014411;0,922923256;1,190382082;0,045066987;0,045066987;5,302178258;2,486798011
Maschinenfabrik Berthold Hermle AG;Germany;Industrial Goods;2,78614;0;0,934438162;0,392401492;0,288498841;0,288498841;#DIV/0!;1,581734912
Synergie SE;France;Industrial & Commercial Services;1,44182;0,04442146;0,621131667;1,232003326;0,116532118;0,116532118;76,29476864;3,38912505
Corporacion Empresarial de Materiales de Construccion SA;Spain;Cyclical Consumer Products;1,30493;0,006560643;0,385600934;4,797879922;0,296946381;0,296946381;0;0
SMT Scharf AG;Germany;Mineral Resources;3,18382;0,030158012;0,870819187;0,483654474;0,071188047;0,071188047;30,90397007;0,932002298
Precia SA;France;Industrial Goods;1,84753;0,204629071;0,745684086;1,088628901;0,076228328;0,076228328;7,461695731;1,526879868
Homag Group AG;Germany;Industrial Goods;0,52063;0;1,074957832;1,885952414;0,690503704;0,690503704;#DIV/0!;0,179052977
OHB SE;Germany;Industrial Goods;1,4175;0,063342837;0,390776613;2,835709451;0,048641151;0,048641151;27,15506017;1,720078559
Gerard Perrier Industrie SA;France;Industrial Goods;1,8567;0,117073341;0,586767299;1,218337085;0,111459352;0,111459352;14,22645477;1,665538584
Elecnor SA;Spain;Industrial & Commercial Services;1,1352;0,992195939;0,358697959;6,257131353;0,048755361;0,048755361;1,598329085;1,585855627
Avantium NV;Netherlands;Industrial & Commercial Services;10,61812;0;1,427052356;0,065995201;-0,15103181;-0,15103181;#DIV/0!;0,114012796
Delta Drone SA;France;Industrial Goods;1,46376;0,198546115;1,597455702;0,548729617;-1,512645767;-1,512645767;4,384439359;0,870513403
McPhy Energy SAS;France;Industrial Goods;1,63387;0,303748622;0,438189085;2,221890234;-0,459343991;-0,459343991;2,28561706;0,694253032
Catering International & Services SA;France;Industrial & Commercial Services;1,81306;0,060643331;0,488549139;1,333541594;0,038738116;0,038738116;37,21021466;2,256551365
Steico SE;Germany;Applied Resources;3,01123;0,950897006;1,688948218;0,855173243;0,160145818;0,160145818;2,540574922;2,415825087
Groupe Crit SA;France;Industrial & Commercial Services;1,15597;0,095829669;0,773841371;1,314377721;0,129463195;0,129463195;38,53130975;3,692442649
ECA SA;France;Technology Equipment;1,38388;0,057566654;0,673037927;1,25096245;-0,028144949;-0,028144949;18,50782779;1,065433721
Aves One AG;Germany;Banking & Investment Services;0,50687;7,162229368;0,415604083;22,39848846;-0,654002917;-0,654002917;0,139480368;0,99899039
Artefact SA;France;Cyclical Consumer Services;0,79552;0,021123529;0,486097614;2,747542622;-0,065354713;-0,065354713;31,8658147;0,673118454
Orege SA;France;Industrial & Commercial Services;1,15262;10,84001282;-9,485091375;-1,23914954;-4,371593459;-4,371593459;0,011446318;0,12407823
Gevelot SA;France;Industrial Goods;3,19391;0,038876389;0,76703276;0,492220194;0,007198603;0,007198603;9,054538096;0,352007741
Sixt Leasing SE;Germany;Banking & Investment Services;0,33402;2,790747287;0,974499686;6,034699977;0,099273999;0,099273999;1,266594934;3,534746375
Touax Sa Sgtr Cite Sgt Cmte Taf Slm Toua SCA;France;Transportation;0,67679;1,361932666;1,246016916;2,533372968;-0,199458234;-0,199458234;1,365229745;1,859350987
Installux SA;France;Cyclical Consumer Products;3,73667;0;0,986227009;0,298886982;0,0950675;0,0950675;#DIV/0!;1,354799249
DBT SA;France;Industrial Goods;1,74619;0,505020793;0,329242317;3,333333333;-0,034790547;-0,034790547;1,852379996;0,935490415
Balyo SA;France;Technology Equipment;2,53921;0,02815735;0,649514254;0,654138979;-0,211548415;-0,211548415;11,60152715;0,326668259
Elanix Biotechnologies AG;Germany;Pharmaceuticals & Medical Research;0,76347;0;12,67678101;0,398295423;-2,367761114;-2,367761114;#DIV/0!;0,179188375
Mynaric AG;Germany;Technology Equipment;18,01833;0;1,015847347;0,054633254;-0,234200195;-0,234200195;#DIV/0!;0,056882343
MS Industrie AG;Germany;Automobiles & Auto Parts;1,33685;0,365735221;0,705700447;1,687450504;0,087208147;0,087208147;8,51033991;3,112531048
Nicolas Correa SA;Spain;Industrial Goods;1,40623;0,126205623;1,154818094;0,850578798;0,065580018;0,065580018;13,56747967;1,712292222
Societe Marseillaise du Tunnel Prado Carenage SA;France;Industrial & Commercial Services;6,72734;0,388903395;1,656110289;0,355191007;0,395263017;0,395263017;2,700752973;1,050332002
Jensen Group NV;Belgium;Personal & Household Products & Services;2,09989;0,065067225;0,59965832;1,045724366;0,111632975;0,111632975;27,48236059;1,788200946
HMS Bergbau AG;Germany;Energy - Fossil Fuels;0,92932;0;0,139570507;9,218732357;0,022238847;0,022238847;#DIV/0!;6,828418544
Prodways Group SA;France;Industrial Goods;2,76415;0,049823902;1,350958754;0,353857206;-0,119151601;-0,119151601;10,93528118;0,544838381
Francotyp Postalia Holding AG;Germany;Industrial & Commercial Services;1,17602;0,493248111;0,376859485;4,151157499;0,053146118;0,053146118;4,783323288;2,359365174
Vergnet SA;France;Renewable Energy;0,88142;0,285277851;-0,442085857;-3,366376743;-0,241085067;-0,241085067;3,550221566;1,012799579
Exel Industries SA;France;Industrial Goods;2,02304;0,146373708;0,778366291;0,954415114;0,08416853;0,08416853;12,30232831;1,800737406
Agta Record AG;Switzerland;Cyclical Consumer Products;2,85643;4,98E-05;1,194258421;0,411275069;0,163699687;0,163699687;36700,3;1,825976417
Teixeira Duarte SA;Portugal;Industrial & Commercial Services;1,23414;0,540792961;0,278599868;5,242032723;-0,003524508;-0,003524508;1,533760999;0,829447152
Sogeclair SA;France;Industrial Goods;1,82491;0,144770018;0,448053561;1,904695927;0,052624542;0,052624542;9,719092229;1,40703316
DPA Group NV;Netherlands;Industrial & Commercial Services;0,79472;0,246517182;1,465649463;1,128691181;0,052381584;0,052381584;14,77491927;3,642271461
Turbon AG;Germany;Technology Equipment;0,98622;0,135911637;0,711687331;2,180005306;-0,11665303;-0,11665303;16,85135448;2,290295173
Oranjewoud NV;Netherlands;Industrial & Commercial Services;1,11694;0,001599539;0,291840942;3,616249819;0,035732736;0,035732736;1398,657093;2,2372072
R Stahl AG;Germany;Industrial Goods;1,79088;0,107089409;0,563996042;2,618797668;-0,172847785;-0,172847785;20,50110729;2,19545146
ASTM SpA;Italy;Transportation;1,50259;1,552978989;1,48268434;2,322811855;0,119725808;0,119725808;0,896075237;1,391586016
Delta Plus Group SA;France;Cyclical Consumer Products;1,76847;0,292629666;0,810766052;1,079888288;0,138261545;0,138261545;5,675289227;1,660757991
NBI Bearings Europe SA;Spain;Industrial Goods;2,92242;0,404622434;0,487270744;2,147270394;0,0516653;0,0516653;2,394984848;0,969064599
Antalis SA;France;Retailers;0,92142;0,000742666;0,153236787;7,546849758;0,011635103;0,011635103;3962,333333;2,942690927
Webac Holding AG;Germany;Industrial Goods;0,9015;0,236342503;1,911662146;0,738548845;-0,423091825;-0,423091825;0,614754098;0,145292522
Azkoyen SA;Spain;Industrial Goods;1,76393;0,062939385;1,46977899;0,488390823;0,184631819;0,184631819;30,97201835;1,949359779
NORDWEST Handel AG;Germany;Mineral Resources;1,40369;0,066172781;0,326985887;2,59637893;0,027743262;0,027743262;33,20333548;2,19715705
Upergy;France;Retailers;2,18972;0,118479334;0,61903652;0,951585278;0,229803689;0,229803689;19,31366143;2,288269747
Neolife SA;France;Mineral Resources;1,43208;0,563668408;0,295625069;4,289027622;-0,56959679;-0,56959679;3,080132873;1,736173592
Alumexx NV;Netherlands;Cyclical Consumer Products;1,08119;0;0,76971214;1,201626016;-0,545682103;-0,545682103;#DIV/0!;0,005006258
Lucibel SA;France;Cyclical Consumer Products;1,65494;0,163998896;1,018904374;0,802072048;-0,106526839;-0,106526839;8,148506521;1,336346074
Freelance.com SA;France;Industrial & Commercial Services;1,01742;0,183594656;0,407315941;3,013102747;0,036281367;0,036281367;13,94754898;2,560695462
Friwo AG;Germany;Industrial Goods;1,69894;0,175688446;0,485527791;1,752715915;0,153996615;0,153996615;17,67725794;3,105689985
3U Holding AG;Germany;Industrial & Commercial Services;2,10711;0,453351532;1,248832272;0,97304124;0,032302093;0,032302093;3,250418144;1,473582044
Logwin AG SA;Luxembourg;Transportation;1,36217;0,030684263;0,506388729;1,74483174;0,086136328;0,086136328;119,6147926;3,670291756
Cerinnov Group SA;France;Industrial Goods;2,74583;0,241152421;0,687108726;0,916418743;-0,081001661;-0,081001661;3,748609272;0,903986202
Aurea SA;France;Industrial & Commercial Services;1,87126;0,263803495;0,780897857;1,124128762;0,041949725;0,041949725;7,774806098;2,051021025
Smartphoto Group NV;Belgium;Retailers;0,94951;0,091157703;2,423731389;0,506205729;0,397447584;0,397447584;37,99083333;3,463157095
Alexanderwerk AG;Germany;Industrial Goods;2,03165;0,006808539;0,559755219;1,163201833;0,351098462;0,351098462;288,2705245;1,962701186
Global Ecopower SA;France;Renewable Energy;1,72507;0,149780005;0,509227573;1,527301092;-0,07669274;-0,07669274;8,891064871;1,33170374
Datron AG;Germany;Industrial Goods;9,66714;0;0,975064858;0,19799471;0,146296593;0,146296593;#DIV/0!;1,85096894
Bio-Uv Group SAS;France;Industrial Goods;1,39761;1,331992758;1,191961397;1,796900639;-0,017030337;-0,017030337;1,425054976;1,898162909
Kap AG;Germany;Banking & Investment Services;1,30842;0,283978292;0,93031718;1,329998265;0,192624376;0,192624376;7,81262983;2,218617272
Ringmetall AG;Germany;Industrial Goods;1,78278;0,320337118;0,951082879;0,993058112;0,169209223;0,169209223;7,990319307;2,559595859
InnoTec TSS AG;Germany;Cyclical Consumer Products;4,2977;0,23944206;1,738712446;0,300059242;0,476094421;0,476094421;8,786700125;2,103905579
Moury Construct SA;Belgium;Industrial & Commercial Services;2,0482;0;0,666083534;0,922788083;0,050267877;0,050267877;#DIV/0!;1,326098841
EQS Group AG;Germany;Software & IT Services;1,08445;0,314748854;2,18907188;0,729116635;-0,041203617;-0,041203617;7,693583911;2,421546721
Service Point Solutions SA;Spain;Industrial & Commercial Services;0,74629;0,107335846;-0,730985449;-2,692120204;-0,16757287;-0,16757287;34,25745977;3,677053421
Constructions Industrielles Mediterranee SA;France;Industrial & Commercial Services;1,11766;0,086443143;0,375762834;2,961429639;0,043652161;0,043652161;15,45935109;1,336354899
KSB SE & Co KgaA;Germany;Industrial Goods;2,19932;0,03555143;0,476132171;2,115508302;0,024475757;0,024475757;40,82801911;1,451494475
Martifer SGPS SA;Portugal;Renewable Energy;1,16804;1,239712208;-0,036544302;-59,58417435;0,037241451;0,037241451;0,851998945;1,056233493
KROMI Logistik AG;Germany;Industrial Goods;2,12695;0,020012007;0,594906944;0,930956185;-0,050730438;-0,050730438;100,48;2,010806484
11 88 0 Solutions AG;Germany;Industrial & Commercial Services;1,46585;0;0,650678787;1,120772059;-0,576161713;-0,576161713;#DIV/0!;2,468034208
Dlsi SA;France;Industrial & Commercial Services;1,21372;0,068117047;0,536804056;1,691491267;0,092832371;0,092832371;41,6268786;2,835500033
Etablissements Fauvet Girel SA;France;Banking & Investment Services;24,4221;0;3,420967405;0,018050899;-0,011645981;-0,011645981;#DIV/0!;0,304294165
Blue Solutions SA;France;Automobiles & Auto Parts;1,67234;0,958064966;3,284706538;0,571371577;-0,535452391;-0,535452391;2,349320451;2,250801617
Arcure SA;France;Technology Equipment;1,08586;0,38710323;0,998794737;1,353695743;-0,118375032;-0,118375032;3,290111853;1,273612924
Mueller Die Lila Logistik AG;Germany;Transportation;1,06883;0,966649583;1,247909451;1,751766264;0,079872375;0,079872375;5,749195117;5,557457062
Catenon SA;Spain;Industrial & Commercial Services;0,95539;0,304808706;0,610995272;2,186616;0,000419839;0,000419839;7,469549623;2,276783752
Masterflex SE;Germany;Industrial Goods;1,88669;0,638343162;1,316816136;0,933617766;0,150434449;0,150434449;4,082162576;2,605820567
edding AG;Germany;Industrial & Commercial Services;2,71246;0,019176191;0,747487919;0,79319309;0,099818465;0,099818465;92,832;1,780164148
Lion E Mobility AG;Switzerland;Industrial & Commercial Services;NULL;#VALORE!;#VALORE!;#VALORE!;#VALORE!;#VALORE!;#VALORE!;#VALORE!
Bremer Lagerhaus Gesellschaft Aktiengesellschaft von 1877;Germany;Transportation;0,9548;0,376370603;0,839613231;2,106548538;0,008520835;0,008520835;10,63827686;4,003934675
Signaux Girod SA;France;Cyclical Consumer Services;2,13731;0,106571968;1,110114178;0,582468132;-0,061296413;-0,061296413;16,49367302;1,757763193
Clasquin SA;France;Transportation;1,16855;0,144429895;0,1986805;5,424638783;0,025070508;0,025070508;20,26549969;2,926943997
SBF AG;Germany;Industrial Goods;21,2723;0;21,00030582;0,028952975;2,968915199;2,968915199;#DIV/0!;3,925247936
Nucletron Electronic AG;Germany;Industrial Goods;3,71429;0;1,47833935;0,305813844;0,136489864;0,136489864;#DIV/0!;2,306442655
ROY Ceramics SE;Germany;Cyclical Consumer Products;40,96425;0;2,392569646;0,127779855;-0,318353367;-0,318353367;#DIV/0!;0,02159733
Trilogiq SA;France;Industrial Goods;6,55433;0,111857293;1,276420327;0,220998238;-0,265567381;-0,265567381;8,984990619;1,005036726
ABO Group Environment SA;Belgium;Renewable Energy;1,09842;0,100669086;0,547601347;2,258345312;0,044911882;0,044911882;19,16898349;1,929724057
Heliocentris Energy Solutions AG;Germany;Renewable Energy;1,46366;0,602077566;0,770461311;1,691237431;-1,037325884;-1,037325884;2,062147182;1,241572557
Mecelec Composites SA;France;Industrial Goods;NULL;#VALORE!;#VALORE!;#VALORE!;#VALORE!;#VALORE!;#VALORE!;#VALORE!
Serma Group SA;France;Industrial & Commercial Services;2,21599;0,021508663;0,711786692;0,720641056;0,222478498;0,222478498;62,8624031;1,352086257
Diskus Werke AG;Germany;Industrial Goods;1,68167;0;0,670523092;1,406079828;0,011020905;0,011020905;#DIV/0!;1,651009135
Itn Nanovation AG;Germany;Utilities;0,25416;0;0;#DIV/0!;0,005799495;0,005799495;#DIV/0!;1,216141185
Alquiber Quality SA;Spain;Industrial & Commercial Services;0,36839;2,308246709;0,982144619;5,435983753;0,225888691;0,225888691;1,308117645;3,01945825
Inapa Investimentos Participacoes e Gestao SA;Portugal;Applied Resources;1,41723;0,953417366;0,718898032;2,618086249;0,000814721;0,000814721;3,720309257;3,547007453
Tivoly SA;France;Industrial Goods;1,85229;0,294623433;0,62047032;1,536681471;0,074049518;0,074049518;5,790084388;1,705894541
Roctool SA;France;Industrial Goods;2,60751;0;0,740891666;0,715562311;-0,194741236;-0,194741236;#DIV/0!;0,999509759
KHD Humboldt Wedag International AG;Germany;Industrial Goods;1,46919;0;0,945991066;0,90378618;-0,122928309;-0,122928309;#DIV/0!;0,637822821
Muehlhan AG;Germany;Industrial & Commercial Services;1,23919;0,176266429;0,78792397;1,313079431;0,051045595;0,051045595;17,6086153;3,103807746
Ecoslops SA;France;Industrial & Commercial Services;1,48751;0,157259133;1,910805857;0,434122828;-0,120406206;-0,120406206;3,448702242;0,542339924
Enertime SAS;France;Renewable Energy;1,23538;0,050905852;0,436259184;2,053730133;-0,384043096;-0,384043096;17,03664795;0,867265083
Inclam SA;Spain;Industrial & Commercial Services;1,02359;0,050188528;0,300762197;3,732467688;0,050502569;0,050502569;34,49439672;1,731223005
Xpo Logistics Europe SA;France;Transportation;0,99081;0,411423246;0,519876299;3,237402372;0,069144224;0,069144224;8,037873883;3,30696816
NSC Groupe SA;France;Industrial Goods;2,36903;0,120337224;0,705149157;0,934592676;-0,000194553;-0,000194553;10,80976504;1,300817121
SCHUMAG AG;Germany;Industrial Goods;2,30903;0,035018604;0,434449551;4,006549118;0,041256292;0,041256292;75,0953125;2,629732983
Societe Anonyme Belge de Constructions Aeronautiques SA;Belgium;Industrial Goods;2,49245;0,007208365;0,359329784;3,107553436;0,011125099;0,011125099;131,4978775;0,947884701
KHD Humboldt Wedag Industrial Services AG;Germany;Industrial & Commercial Services;2,80367;0,084004247;0,574058144;0,932463914;-0,09810352;-0,09810352;5,41724;0,455071168
Compagnie Industrielle et Financiere d Entreprises SA;France;Industrial & Commercial Services;1,68644;0,059288567;0,677217335;1,034868793;-0,024225277;-0,024225277;20,08537343;1,190833002
Ada SA;France;Transportation;1,04722;0,059958303;0,703072015;1,448231511;0,082791188;0,082791188;19,95056556;1,196202055
Ober SA;France;Cyclical Consumer Products;3,51979;0,600663717;0,490339233;2,252143179;0,034955752;0,034955752;2,361141805;1,418252212
Herige SA;France;Retailers;1,28276;0,254609625;0,515411979;2,193795508;0,004036914;0,004036914;10,00901576;2,548391753
Greiffenberger AG;Germany;Mineral Resources;1,97015;0,387994259;0,256173983;5,507750667;0,044014045;0,044014045;4,211162447;1,633906853
Pittler Maschinenfabrik AG;Germany;Industrial Goods;3,51288;0,052714182;1,340996516;0,404215573;0,062256187;0,062256187;18,95754487;0,999331471
Hamon & Cie International SA;Belgium;Industrial Goods;1,02983;0,255866815;0,007600998;165,30132;-0,077196661;-0,077196661;4,957623452;1,268491321
Lewag Holding AG;Germany;Industrial Goods;1,34111;0,072438406;0,915793797;0,910165084;0,111450444;0,111450444;26,98335872;1,954631487
Traqueur SA;France;Industrial & Commercial Services;0,40212;0,176;-1,483018868;-1,847124682;-2,06445283;-2,06445283;12,77701544;2,248754717
Aquila SA;France;Industrial & Commercial Services;1,36066;0,000257652;0,413360974;1,778581065;0,109971828;0,109971828;12216,91447;3,147717911
Senvion SA;Luxembourg;Renewable Energy;0,982;0,002523475;0,226899706;6,858027589;-0,091632991;-0,091632991;738,53771;1,863681098
S&O Agrar AG;Germany;Renewable Energy;0,01552;0;0;#DIV/0!;-19,13221154;-19,13221154;#DIV/0!;0
United Power Technology AG;Germany;Industrial Goods;1,74561;0;2,975671853;0,205474343;0,153497987;0,153497987;#DIV/0!;2,475835056
Grino Ecologic SA;Spain;Industrial & Commercial Services;1,02082;0,648037663;2,013385737;0,84129322;-0,044973727;-0,044973727;3,392734185;2,198619534
Air Berlin Plc;Germany;Transportation;0,61233;1,256340863;-1,590903828;-1,940388139;-0,846092249;-0,846092249;3,260428797;4,096209928
Gold by Gold SA;France;Mineral Resources;3,94491;0,029971563;0,504775069;1,024384567;-0,050757441;-0,050757441;41,16876;1,233892083
Groupe Pizzorno Environnement SA;France;Industrial & Commercial Services;1,07607;0,405961383;0,500251123;3,179253702;0,050894277;0,050894277;3,957368937;1,606538966
Evadix SA;Belgium;Industrial & Commercial Services;43,71659;0;0,795716701;0,256728681;-0,57406951;-0,57406951;#DIV/0!;0,01999603
Fountain SA;Belgium;Industrial Goods;0,72105;0,480340594;2,005714067;0,938548524;0,049406776;0,049406776;6,076211259;2,918650928
Soditech SA;France;Industrial Goods;0,58702;0;0,785680082;2,168212714;0,189038494;0,189038494;#DIV/0!;4,347236087
Cenergy Holdings SA;Belgium;Investment Holding Companies;0,83186;0,18637291;0,43257096;3,450305852;-0,010302966;-0,010302966;8,80321798;1,640681354
UV Germi SA;France;Industrial & Commercial Services;6,0072;0,056723928;0,895720009;0,251758933;-0,025682148;-0,025682148;11,55212533;0,655281925
Uestra Hannoversche Verkehrsbetriebe AG;Germany;Transportation;1,19832;0,224780415;0,203070322;17,73966202;-0,211631658;-0,211631658;8,801811344;1,978474804
Neschen AG;Germany;Chemicals;0,47111;0,331671979;-0,670124602;-3,841909539;-0,530454941;-0,530454941;10,78962083;3,578614894
Morefield Group NV;Curacao;Industrial & Commercial Services;0,75928;0,119387886;0,134319375;10,94632472;0,012959406;0,012959406;15,59733991;1,862133436
Hiolle Industries SA;France;Industrial & Commercial Services;1,85652;0,099438883;0,607996989;1,223652185;0,028300215;0,028300215;16,03819087;1,594819783
Poujoulat SA;France;Cyclical Consumer Products;1,53689;0,338252627;0,834490123;1,26179698;0,018908219;0,018908219;6,552147239;2,216281014
IMA Industria Macchine Automatiche SpA;Italy;Industrial Goods;1,18344;0,179464457;0,395635118;3,081852037;0,09171461;0,09171461;7,882720325;1,414668123
Lisgrafica Impressao e Artes Graficas SA;Portugal;Industrial & Commercial Services;0,36514;1,819370823;-3,49805959;-1,877560944;-0,351766152;-0,351766152;1,816183181;3,304310688
Envipco Holding NV;Netherlands;Industrial & Commercial Services;1,83876;0,223783024;1,113134151;0,701208562;-0,137230536;-0,137230536;8,220424915;1,83959155
Zhongde Waste Technology AG;Germany;Renewable Energy;5,82427;0;0,828435907;0,207252368;0,423586372;0,423586372;#DIV/0!;0,024411686
Novisource NV;Netherlands;Industrial & Commercial Services;1,3227;0,061071741;0,334182658;2,644984513;0,095787881;0,095787881;27,29595828;1,667011705
ais AG;Germany;Industrial & Commercial Services;1,23251;0;0,365803109;5,451502214;0,348741152;0,348741152;#DIV/0!;18,14780705
NSE SA;France;Technology Equipment;1,32893;0,095188647;0,473816941;1,903151743;0,0018296;0,0018296;16,64753247;1,584656085
Fiducial Office Solutions SA;France;Technology Equipment;1,27662;0,040479263;1,409013825;0,628043276;0,038709677;0,038709677;82,25637523;3,329677419
China Specialty Glass AG;Germany;Cyclical Consumer Products;6,86749;0,291255353;0,973794703;0,44862542;0,18760785;0,18760785;2,847853202;0,82945249
Ucar SA;France;Personal & Household Products & Services;1,4195;0,055051731;0,666709243;1,142410116;0,039681526;0,039681526;27,54447022;1,516370758
Euroconsult Engineering Consulting Group SA;Spain;Industrial & Commercial Services;0,49295;0,000723815;0,227432121;9,451780958;-0,744453399;-0,744453399;2720,408912;1,969073265
Ivalis SA;France;Industrial & Commercial Services;1,12187;0,233111607;0,14064508;8,152250565;0,023942053;0,023942053;12,7775318;2,978590969
Toolux Sanding SA;China;Industrial Goods;1,01678;0;0,407293127;2,423795866;0,003107451;0,003107451;#DIV/0!;0,341452585
Forestiere Equatoriale SA;Ivory Coast;Transportation;0,34816;0,023328337;0,306048446;10,83141785;-0,047593434;-0,047593434;90,14378238;2,102904559
Selcodis SA;France;Automobiles & Auto Parts;0,0537;53,36450839;-86,52997602;-1,013025524;0,278177458;0,278177458;0;0
Societa Iniziative Autostradali e Servizi SpA;Italy;Transportation;1,48151;2,248793547;2,512952086;1,531236007;0,288908397;0,288908397;0,759215206;1,707318256
Maire Tecnimont SpA;Italy;Industrial & Commercial Services;1,12933;0,111963576;0,090354325;11,977809;0,040925091;0,040925091;10,79137528;1,208240965
Biesse SpA;Italy;Industrial Goods;1,13809;0,053938183;0,511368908;1,923553113;0,116139702;0,116139702;34,91626613;1,883319961
Enav SpA;Italy;Transportation;1,9294;0,540912277;1,727558033;0,788854449;0,156561503;0,156561503;2,412346223;1,304867689
Salini Impregilo SpA;Italy;Industrial & Commercial Services;1,21581;0,273198291;0,137085472;8,411335423;-0,019731269;-0,019731269;3,257038091;0,889817239
Danieli & C Officine Meccaniche SpA;Italy;Industrial Goods;1,48166;0,09434297;0,517819578;1,529489908;0,016309828;0,016309828;7,478105195;0,705506656
FILA Fabbrica Italiana Lapis ed Affini SpA;Italy;Industrial & Commercial Services;1,73242;0,498113512;0,598521996;2,144792486;0,043902955;0,043902955;2,852908787;1,421072416
Tinexta SpA;Italy;Software & IT Services;1,22333;0,348394428;1,13376191;1,814881269;0,159945329;0,159945329;4,128777684;1,438443139
Gima TT SpA;Italy;Industrial Goods;1,56715;0;0,40098338;1,604608935;0,396569857;0,396569857;#DIV/0!;1,364156082
Fiera Milano SpA;Italy;Industrial & Commercial Services;0,49639;0,049692877;0,886201467;2,554129116;0,023222164;0,023222164;73,17956038;3,636502915
Avio SpA;Italy;Industrial Goods;1,12467;0,092280533;0,627854874;2,096016756;0,042358218;0,042358218;8,133292;0,750544519
Sciuker Frames SpA;Italy;Cyclical Consumer Products;NULL;#VALORE!;#VALORE!;#VALORE!;#VALORE!;#VALORE!;#VALORE!;#VALORE!
Lu-Ve SpA;Italy;Industrial Goods;1,76844;0,515095575;0,626748268;1,895641387;0,025653384;0,025653384;2,376242431;1,223991961
Kone Oyj;Finland;Industrial Goods;1,33398;0,038364532;0,593871921;1,475828661;0,188334975;0,188334975;45,18079096;1,733339901
Italmobiliare SpA;Italy;Investment Holding Companies;4,36585;0,068400721;2,014812185;0,225095354;0,16867933;0,16867933;10,88812149;0,744755363
Prima Industrie SpA;Italy;Industrial Goods;1,25077;0,311919829;0,468113724;2,477400205;0,058693351;0,058693351;4,568301908;1,424943948
Metso Oyj;Finland;Industrial Goods;1,85044;0,238177128;0,577815993;1,445684524;0,043852107;0,043852107;4,871841155;1,160361135
Wartsila Oyj Abp;Finland;Industrial Conglomerates;1,41125;0,153731787;0,699375558;1,401360544;0,111507583;0,111507583;9,499032882;1,460303301
Ediliziacrobatica SpA;Italy;Industrial & Commercial Services;1,87028;0,37418572;0,127857964;7,404595405;0,066291991;0,066291991;2,777948455;1,039468642
Agatos SpA;Italy;Utilities;0,9483;1,151093884;1,459066646;1,876176643;-0,266081118;-0,266081118;0,631097978;0,726453023
TraWell Co SpA;Italy;Transportation;0,86599;0,227803556;2,465299599;0,628945893;0,278928067;0,278928067;19,72480665;4,493381098
Carraro SpA;Italy;Industrial Goods;0,92425;0,47242742;0,256490507;6,444281625;0,048010959;0,048010959;4,505966853;2,128742294
VTG AG;Germany;Transportation;0,65438;4,505455618;2,359480979;2,856392951;0,200825715;0,200825715;0,663961251;2,99144795
Astaldi SpA;Italy;Industrial & Commercial Services;1,16469;0,442660946;0,157365993;8,59167984;-0,030692648;-0,030692648;1,979406984;0,876206167
FNM SpA;Italy;Transportation;0,98076;0,318576741;1,420975255;1,095646293;0,125476458;0,125476458;2,79627441;0,890827988
Valmet Oyj;Finland;Industrial Goods;1,02054;0,126415094;0,574213836;2,185104053;0,07672956;0,07672956;15,21393035;1,92327044
Circle SpA;Italy;Industrial & Commercial Services;NULL;#VALORE!;#VALORE!;#VALORE!;#VALORE!;#VALORE!;#VALORE!;#VALORE!
Gruppo Green Power SpA;Italy;Renewable Energy;NULL;#VALORE!;#VALORE!;#VALORE!;#VALORE!;#VALORE!;#VALORE!;#VALORE!
Trevi Finanziaria Industriale SpA;Italy;Energy - Fossil Fuels;0,74506;0,102050784;-0,001863424;-824,2423208;-0,550554766;-0,550554766;9,192307213;0,938082161
Openjobmetis SpA Agenzia per il Lavoro;Italy;Industrial & Commercial Services;1,21632;0,100653817;0,653136695;1,424933188;0,090528527;0,090528527;42,90520979;4,31857314
Innovatec SpA;Italy;Renewable Energy;Unable to collect data for the field 'TR.CurrentRatio' and some specific identifier(s).;#VALORE!;#VALORE!;#VALORE!;#VALORE!;#VALORE!;#VALORE!;#VALORE!
Piovan SpA;Italy;Industrial Goods;1,29653;0,155146518;0,248893096;4,219379577;0,152956178;0,152956178;10,55770685;1,637991458
Fidia SpA;Italy;Industrial Goods;1,40268;0,251161963;0,25394178;4,211051756;-0,068183334;-0,068183334;4,074110147;1,023261503
Aeroporto Guglielmo Marconi di Bologna SpA;Italy;Transportation;1,06256;0,348882641;3,131180165;0,520475099;0,291554079;0,291554079;5,137317494;1,792320894
Autostrade Meridionali SpA;Italy;Industrial & Commercial Services;1,49538;0;0,336920836;2,086699658;0,044080059;0,044080059;#DIV/0!;0,192946472
Schuler AG;Germany;Industrial Goods;1,62661;0,025097668;0,585059785;1,583164711;0,085355748;0,085355748;58,16509434;1,459808216
Somec SpA;Italy;Cyclical Consumer Products;1,00668;0,137164244;0,145072409;7,980786451;0,025815202;0,025815202;4,540221583;0,62275606
Alkemy SpA;Italy;Cyclical Consumer Services;2,56912;0,194362482;0,693133047;0,896317079;0,030825286;0,030825286;4,700862565;0,913671316
Panariagroup Industrie Ceramiche SpA;Italy;Cyclical Consumer Products;1,82565;0,327813403;0,685724236;1,356414432;0,045456365;0,045456365;4,696013188;1,539416064
Officina Stellare SpA;Italy;Technology Equipment;4,76772;0,049984182;0,341980386;3,018501388;0,008225245;0,008225245;13,07594937;0,653590636
Pilkington Deutschland AG;Germany;Cyclical Consumer Products;4,19223;0;0,827414384;0,929152246;0,11744174;0,11744174;#DIV/0!;1,381256276
Cofide Gruppo de Benedetti SpA;Italy;Industrial Conglomerates;1,19767;0,499863247;0,402649609;6,003636182;-0,002292352;-0,002292352;4,257030024;2,12793285
Toscana Aeroporti SpA;Italy;Transportation;0,69781;0,623868615;2,187699018;1,199567749;0,203620433;0,203620433;3,673399944;2,291718934
HAMMONIA Schiffsholding AG;Germany;Transportation;0,24243;0;-0,047826719;-94,33130699;1,877525803;1,877525803;#DIV/0!;3,549280419
CFT SpA;Italy;Industrial Goods;1,06223;0,24887968;0,095635054;13,51292018;0,037763903;0,037763903;5,79070668;1,441189226
Cembre SpA;Italy;Industrial Goods;4,16487;0;1,535320692;0,192444522;0,243880716;0,243880716;#DIV/0!;1,423311764
Tesmec SpA;Italy;Industrial Goods;1,113;0,259989871;0,279904679;4,409539054;-0,009285353;-0,009285353;4,38459041;1,139949093
Bastogi SpA;Italy;Industrial & Commercial Services;0,93201;0,892390932;0,00955004;260,6359499;0,04586518;0,04586518;0,342586167;0,305720789
Beghelli SpA;Italy;Industrial Goods;1,59972;0,465359197;0,731099989;1,621900944;0,024257549;0,024257549;2,642200336;1,229572227
Marzocchi Pompe SpA;Italy;Automobiles & Auto Parts;NULL;#VALORE!;#VALORE!;#VALORE!;#VALORE!;#VALORE!;#VALORE!;#VALORE!
Biancamano SpA;Italy;Industrial & Commercial Services;0,36676;0,008597115;-0,981036781;-3,173602098;-0,047301224;-0,047301224;80,36878728;0,690939701
Enertronica SpA;Italy;Renewable Energy;1,20019;0,28318637;0,126911951;9,530233114;-0,041679085;-0,041679085;6,029834259;1,707566873
CdR Advance Capital SpA;Italy;Investment Holding Companies;1,9149;0,753813986;0,787666161;2,041065287;0,097062639;0,097062639;0,269386182;0,203067072
WM Capital SpA;Italy;Industrial & Commercial Services;Unable to collect data for the field 'TR.CurrentRatio' and some specific identifier(s).;#VALORE!;#VALORE!;#VALORE!;#VALORE!;#VALORE!;#VALORE!;#VALORE!
Comer Industries SpA;Italy;Industrial Goods;1,17011;0,06815649;0,416016571;2,386667415;0,038854042;0,038854042;26,21136889;1,786474896
Ambienthesis SpA;Italy;Industrial & Commercial Services;0,84014;0;1,212919566;1,358190328;-0,078774999;-0,078774999;#DIV/0!;1,733020873
Technical Publications Service SpA;Italy;Industrial & Commercial Services;NULL;#VALORE!;#VALORE!;#VALORE!;#VALORE!;#VALORE!;#VALORE!;#VALORE!
ILPRA SpA;Italy;Industrial Goods;NULL;#VALORE!;#VALORE!;#VALORE!;#VALORE!;#VALORE!;#VALORE!;#VALORE!
Esautomotion SpA;Italy;Industrial Goods;2,0399;0,073474997;0,562215879;1,021624671;0,260492653;0,260492653;21,73669065;1,597103288
Deufol SE;Germany;Industrial & Commercial Services;1,20593;0,546781957;1,361204843;1,099495097;0,064695812;0,064695812;6,528145207;3,569472013
Clabo SpA;Italy;Industrial Goods;0,96008;0,414192746;0,484218896;3,504149949;0,014738932;0,014738932;2,99506608;1,240534643
Poligrafici Printing SpA;Italy;Industrial & Commercial Services;1,55656;0,026738664;1,620909505;0,480112382;-0,086006115;-0,086006115;61,64963504;1,64842886
Finlogic SpA;Italy;Industrial & Commercial Services;NULL;#VALORE!;#VALORE!;#VALORE!;#VALORE!;#VALORE!;#VALORE!;#VALORE!
Fervi SpA;Italy;Industrial Goods;NULL;#VALORE!;#VALORE!;#VALORE!;#VALORE!;#VALORE!;#VALORE!;#VALORE!
Jost AG;Germany;Industrial & Commercial Services;11,75621;0;0,770184825;0,347260097;0,149717015;0,149717015;#DIV/0!;1,503669968
Gel SpA;Italy;Utilities;NULL;#VALORE!;#VALORE!;#VALORE!;#VALORE!;#VALORE!;#VALORE!;#VALORE!
IRCE SpA;Italy;Industrial Goods;2,09451;0,065673057;0,728516729;0,805476961;0,025712221;0,025712221;29,84294601;1,95987749
PLC SpA;Italy;Industrial & Commercial Services;1,22211;0,040845387;0,681630818;1,478174821;0,267556022;0,267556022;29,9266055;1,222363786
Rosss SpA;Italy;Industrial & Commercial Services;1,1102;0,156477356;0,142048882;7,752540907;0,038559203;0,038559203;10,40773373;1,628574655
Borgosesia SpA;Italy;Banking & Investment Services;0,70612;0;9,020138582;0,159471209;-1,28989068;-1,28989068;#DIV/0!;0,939032133
Siti B&T Group SpA;Italy;Industrial Goods;1,61274;0,151739497;0,378108061;2,183953954;0,025433985;0,025433985;6,813450841;1,033869606
Costamp Group SpA;Italy;Industrial Goods;0,8908;0,354514758;0,411719089;3,872923615;0,023362163;0,023362163;3,788727352;1,343159759
Joh Friedrich Behrens AG;Germany;Cyclical Consumer Products;1,81701;0,648321473;0,389503403;3,712491312;0,009243502;0,009243502;3,480492752;2,256478187
Konecranes Abp;Finland;Industrial Goods;1,26192;0,386789416;0,809180455;1,834672607;0,145303547;0,145303547;5,220372836;2,019184961
Marna Beteiligungen AG;Germany;Investment Holding Companies;13,06808;0;0,74648742;0,385260539;14,31076506;14,31076506;#DIV/0!;1,414555692
Vimi Fasteners SpA;Italy;Industrial Goods;NULL;#VALORE!;#VALORE!;#VALORE!;#VALORE!;#VALORE!;#VALORE!;#VALORE!
Poligrafica S Faustino SpA;Italy;Industrial & Commercial Services;1,24514;0,201449814;0,302156134;3,451894685;0,033717472;0,033717472;9,006643292;1,814386617
CD Deutsche Eigenheim AG;Germany;Cyclical Consumer Products;2,26639;0,427971023;0,081333248;12,45699482;-0,173275141;-0,173275141;3,07185615;1,31466542
Hydrotec Gesellschaft fuer Wassertechnik AG;Germany;Industrial Goods;3,69969;0;1,242734353;0,492660514;-0,687488538;-0,687488538;#DIV/0!;0,464781328
plettac AG;Germany;Mineral Resources;2,63525;0,696338248;0,114071378;12,81201979;0,183072752;0,183072752;3,149672272;2,193237271
Norddeutsche Steingut AG;Germany;Cyclical Consumer Products;1,1554;0;0,671247318;1,794395613;0,032348154;0,032348154;#DIV/0!;1,678793371
Aquamondi AG;Germany;Industrial & Commercial Services;Unable to collect data for the field 'TR.CurrentRatio' and some specific identifier(s).;#VALORE!;#VALORE!;#VALORE!;#VALORE!;#VALORE!;#VALORE!;#VALORE!
Palgon AG;Germany;Industrial & Commercial Services;Unable to collect data for the field 'TR.CurrentRatio' and some specific identifier(s).;#VALORE!;#VALORE!;#VALORE!;#VALORE!;#VALORE!;#VALORE!;#VALORE!
Teleservice Holding AG;Germany;Retailers;Unable to collect data for the field 'TR.CurrentRatio' and some specific identifier(s).;#VALORE!;#VALORE!;#VALORE!;#VALORE!;#VALORE!;#VALORE!;#VALORE!
Erlus AG;Germany;Mineral Resources;7,41475;0;1,224576663;0,529482142;0,141235619;0,141235619;#DIV/0!;1,605255853
Outotec Oyj;Finland;Industrial & Commercial Services;1,3999;0,218504406;0,552155275;1,926029761;0,003572279;0,003572279;6,233242507;1,36199095
Cargotec Oyj;Finland;Industrial Goods;1,3404;0,389164838;0,821762735;1,508644925;0,076527665;0,076527665;4,823092906;1,876978168
Cramo Oyj;Finland;Industrial & Commercial Services;0,65325;1,824663666;3,427187093;1,143235184;0,51802184;0,51802184;2,458396797;4,485747313
Yit Oyj;Finland;Industrial & Commercial Services;1,61859;0,181525977;0,297555064;2,884009208;0,029824007;0,029824007;5,787518142;1,050584888
Finnair Oyj;Finland;Transportation;1,2795;0,411483925;0,712972062;1,842473171;0,118910571;0,118910571;4,381439782;1,80289204
Uponor Oyj;Finland;Cyclical Consumer Products;1,54944;0,378158458;0,6;2,08993576;0,129550321;0,129550321;6,627406569;2,50620985
Lassila & Tikanoja Oyj;Finland;Industrial & Commercial Services;1,14863;0,670313987;1,033301618;1,657918969;0,159847764;0,159847764;5,03548616;3,375356803
Caverion Oyj;Finland;Industrial & Commercial Services;0,95048;0,087133796;0,355179704;3,647959184;-0,04077318;-0,04077318;39,44194107;3,436726065
SRV Yhtiot Oyj;Finland;Real Estate;1,46086;0,290241821;0,484421315;2,117438197;0,010175604;0,010175604;6,525704314;1,894032306
Lehto Group Oyj;Finland;Industrial & Commercial Services;1,85443;0,035565524;0,481896828;1,242021277;0,165331624;0,165331624;53,83783784;1,914770907
Consti Group Plc;Finland;Industrial & Commercial Services;0,84113;0,432229401;0,542615527;2,987579605;-0,023051662;-0,023051662;14,9072897;6,443368891
Ponsse Oyj;Finland;Industrial Goods;1,79407;0,211921564;0,812502297;0,95182249;0,205696144;0,205696144;12,49952305;2,648918477
Exel Composites Oyj;Finland;Industrial Goods;1,12808;0,13532137;0,844915552;1,234252993;0,123504574;0,123504574;18,69014085;2,529175463
Talenom Oyj;Finland;Industrial & Commercial Services;1,09842;2,12416723;1,346142705;2,294362358;0,329632133;0,329632133;1,882772727;3,999324129
Asiakastieto Group Plc;Finland;Industrial & Commercial Services;3,04958;2,602088383;3,024389334;0,976843118;0,598284542;0,598284542;0,805460408;2,095879172
Aspo Plc;Finland;Chemicals;1,54162;0,743960926;0,762641976;1,860101365;0,131840661;0,131840661;4,587050412;3,412586272
Robit Plc;Finland;Industrial Goods;1,60369;0,029209989;0,936244169;0,739193209;-0,052748727;-0,052748727;30,69659012;0,896647051
Viafin Service Oyj;Finland;Industrial & Commercial Services;NULL;#VALORE!;#VALORE!;#VALORE!;#VALORE!;#VALORE!;#VALORE!;#VALORE!
Ramirent Oyj;Finland;Industrial & Commercial Services;0,51969;1,142611211;2,026025712;1,765314035;0,415337889;0,415337889;3,927010352;4,487046056
Saga Furs Oyj;Finland;Cyclical Consumer Products;1,47181;0;0,720260409;0,96809665;0,05560182;0,05560182;#DIV/0!;0,404081623
Glaston Oyj Abp;Finland;Industrial Goods;0,98074;0,232125282;0,806740885;1,620685916;0,057741519;0,057741519;10,33308207;2,398569585
Vmp Oyj;Finland;Industrial & Commercial Services;1,0726;0,566491144;0,359789373;4,284060671;0,204499761;0,204499761;9,254605374;5,242651987
Etteplan Oyj;Finland;Industrial & Commercial Services;1,00684;0,310876071;0,917127159;1,493430934;0,181610906;0,181610906;10,93857594;3,400541508
Raute Oyj;Finland;Industrial Goods;NULL;#VALORE!;#VALORE!;#VALORE!;#VALORE!;#VALORE!;#VALORE!;#VALORE!
Panostaja Oyj;Finland;Industrial Conglomerates;1,15622;1,00355318;0,830374971;2,950621024;0,378429369;0,378429369;3,127821905;3,138935618
Dovre Group Oyj;Finland;Industrial & Commercial Services;1,39603;0,063066851;1,358940477;0,608353591;-0,032854826;-0,032854826;59,69619048;3,764850742
Neo Industrial Oyj;Finland;Industrial Goods;1,11286;0,354786546;0,497089263;3,019146761;0,140639438;0,140639438;14,4392499;5,122851599
Martela Oyj;Finland;Industrial & Commercial Services;1,62559;0,143787215;0,524200088;1,494541436;-0,014735525;-0,014735525;17,65017725;2,537869836
Componenta Corp;Finland;Mineral Resources;1,76364;0,048109966;0,628865979;1,885245902;4,261168385;4,261168385;87,42857143;4,206185567
Fondia Oyj;Finland;Industrial & Commercial Services;2,6511;0;0,664246804;0,567865159;0,150449962;0,150449962;#DIV/0!;1,757925797
Aallon Group Oyj;Finland;Industrial & Commercial Services;NULL;#VALORE!;#VALORE!;#VALORE!;#VALORE!;#VALORE!;#VALORE!;#VALORE!
Trainers' House Oyj;Finland;Software & IT Services;1,49565;0,094054008;2,12112069;0,532569566;0,073481388;0,073481388;27,22355762;2,5604847
Kesla Oyj;Finland;Industrial Goods;1,72329;0,263976138;0,519275094;1,711749347;0,038188638;0,038188638;7,309536038;1,929543092
Tulikivi Oyj;Finland;Cyclical Consumer Products;0,47309;0;0,966987263;2,282258065;-0,107529677;-0,107529677;#DIV/0!;2,537128498
Soprano Oyj;Finland;Industrial & Commercial Services;0,57434;0,083622762;1,56959658;1,164255319;0,134117018;0,134117018;51,98083067;4,346780657
Enersense International Oyj;Finland;Industrial & Commercial Services;1,15469;0,023203976;0,211533362;4,203947181;0,074984482;0,074984482;152,7005811;3,543260655
Efore Plc;Finland;Industrial Goods;0,74207;0,039544175;0,318305639;4,612608758;-0,026287115;-0,026287115;80,22043628;3,172250976
Plc Uutechnic Group Oyj;Finland;Industrial Goods;0,99048;0,355808575;1,762853585;1,053385811;-0,100693827;-0,100693827;9,5385;3,393880093
Oyj Ahola Transport Abp;Finland;Transportation;1,83395;0;0,361954814;2,203097559;0,047662744;0,047662744;#DIV/0!;4,648311931
Nurminen Logistics Oyj;Finland;Transportation;1,43775;0,865751964;0,650101813;2,548885077;-0,056579075;-0,056579075;4,243265946;3,673615825
Italeaf SpA;Italy;Banking & Investment Services;0,42506;0,345656635;0,173209227;18,64020279;-0,242662104;-0,242662104;2,270373487;0,78476966
Elecster Oyj;Finland;Industrial Goods;3,08215;0,362162002;0,725035579;1,015375808;0,07302538;0,07302538;3,228080229;1,169087998
Ryanair Holdings PLC;"Ireland; Republic of";Transportation;1,2274;0,842301265;1,066817856;1,766184072;0,346192409;0,346192409;2,026697653;1,707089998
Kingspan Group PLC;"Ireland; Republic of";Cyclical Consumer Products;1,65335;0,508963607;1,175732861;1,117400694;0,218742787;0,218742787;5,545124717;2,822266677
Andritz AG;Austria;Industrial Goods;1,30533;0,179771888;0,295336319;3,816497413;0,059704112;0,059704112;7,437487213;1,337051119
Mytilineos Holdings SA;United States of America;Industrial Conglomerates;1,52163;0,442116619;1,016671442;1,337344121;0,114143774;0,114143774;2,549825889;1,127320401
Irish Continental Group PLC;"Ireland; Republic of";Transportation;1,17976;0,369822485;1,655325444;0,757372654;0,61612426;0,61612426;6,702;2,478550296
Oesterreichische Post AG;Austria;Transportation;1,28289;0,004849522;0,995435744;1,398911019;0,235629725;0,235629725;570,2647059;2,765511339
Autohellas SA;Greece;Transportation;0,53444;1,914516926;1,858513448;2,231859275;0,257611192;0,257611192;1,449270497;2,774652897
FACC AG;Austria;Industrial Goods;2,08058;0,509919886;0,916860826;1,177679005;0,104979666;0,104979666;4,160555871;2,121550176
Ellaktor SA;Greece;Industrial & Commercial Services;1,41076;0,751912386;0,405941316;4,59450815;-0,026330164;-0,026330164;1,587048925;1,193321744
GEK TERNA Holdings Real Estate Construction SA;Greece;Industrial & Commercial Services;1,19858;0,88011057;0,34580173;7,373724894;0,04938317;0,04938317;0,952795463;0,838565359
Piraeus Port Authority SA;Greece;Transportation;2,70171;0,69367308;2,063254994;0,957626715;0,125298224;0,125298224;1,78449344;1,237855061
Porr AG;Austria;Industrial & Commercial Services;1,08641;0,206064906;0,321376497;3,85826639;0,032740038;0,032740038;11,2752597;2,323435333
Palfinger AG;Austria;Industrial Goods;1,66544;0,755305524;0,736437338;2,086499758;-0,017562849;-0,017562849;2,994518133;2,261776088
Aegean Airlines SA;Greece;Transportation;1,31591;0,045640399;0,520201529;1,748974501;0,126651982;0,126651982;51,83700121;2,365861428
Zumtobel Group AG;Austria;Industrial Goods;1,27948;0,356051761;0,536220163;2,727611221;-0,094639846;-0,094639846;6,811700141;2,425317831
STRABAG SE;Austria;Industrial & Commercial Services;1,26263;0,126879927;0,484375966;2,279694868;0,040083025;0,040083025;15,30076602;1,941360075
Flughafen Wien AG;Austria;Transportation;0,76605;1,854197601;5,843768417;0,837935142;0,597383645;0,597383645;2,114810545;3,921276638
Tallinna Sadam AS;Estonia;Transportation;0,50213;12,92575336;19,71390536;0,832878033;1,598995522;1,598995522;0,567831245;7,339646617
Frigoglass SA;Greece;Applied Resources;1,61003;0,919072163;-0,327396867;-5,700461827;0,030114149;0,030114149;1,653923929;1,520075443
Avax SA;Greece;Industrial & Commercial Services;1,14453;0,706081611;0,164733286;10,24316993;-0,015472606;-0,015472606;1,426254178;1,007051848
Malta International Airport PLC;Malta;Transportation;1,18988;0,56966841;1,751169921;0,909698809;0,441695279;0,441695279;2,64447483;1,506473771
Unibios Holdings SA;Greece;Industrial Goods;0,68937;0,636041287;1,719214734;1,285151578;-0,076437968;-0,076437968;1,712312421;1,089101396
Semperit AG Holding;Austria;Automobiles & Auto Parts;2,28476;0,673020615;0,613596656;2,063531845;-0,056526787;-0,056526787;2,861682347;1,925971213
Ekter SA;Greece;Industrial & Commercial Services;12,59618;0;1,550850337;0,245743619;-0,106698221;-0,106698221;#DIV/0!;0,669008382
Intracom Holdings SA;Greece;Investment Holding Companies;1,2381;0,231151449;0,556907762;2,069511399;0,002004854;0,002004854;3,719690158;0,859811769
Tallink Grupp AS;Estonia;Cyclical Consumer Services;0,57313;2,209348328;4,607927841;0,863728493;0,256194659;0,256194659;2,411606412;5,328078595
Rosenbauer International AG;Austria;Industrial Goods;1,75414;0,226240301;0,471946328;2,003631594;0,017067329;0,017067329;8,491749132;1,921175881
CPL Resources PLC;"Ireland; Republic of";Industrial & Commercial Services;1,93113;0;0,689849357;0,764404651;0,120163115;0,120163115;#DIV/0!;3,903796315
Luka Koper dd;Slovenia;Transportation;1,776;1,308020095;4,550230776;0,531723832;0,454204804;0,454204804;2,10005575;2,746915121
Dromeas Office Furniture Industry SA;Greece;Industrial & Commercial Services;2,40401;0,866872884;1,080496595;1,418025221;-0,037254273;-0,037254273;0,528298059;0,457967262
Harju Elekter AS;Estonia;Industrial Goods;2,84273;0,059737647;1,434360438;0,28774044;0,597971794;0,597971794;35,18969072;2,102149324
Attica Holdings SA;Greece;Transportation;2,3386;1,571030845;2,951974504;0,6860926;0,0091362;0,0091362;1,266338665;1,989457103
Intracom Constructions Technical and Steel Constructions SA;Greece;Industrial & Commercial Services;1,1043;0,359262969;0,300078599;4,830375054;-0,042440852;-0,042440852;2,182556101;0,784111584
Merko Ehitus AS;Estonia;Industrial & Commercial Services;2,24597;0,150183573;0,556360512;1,128716294;0,062803729;0,062803729;9,0385907;1,357447845
Italy Innovazioni SpA;Italy;Industrial Goods;Unable to collect data for the field 'TR.CurrentRatio' and some specific identifier(s).;#VALORE!;#VALORE!;#VALORE!;#VALORE!;#VALORE!;#VALORE!;#VALORE!
Thessaloniki Port Authority SA;Greece;Transportation;8,61812;0;1,372043483;0,126447735;0,072089575;0,072089575;#DIV/0!;0,539773451
SW Umwelttechnik Stoiser & Wolschner AG;Austria;Industrial & Commercial Services;1,32535;2,167056123;0,181732464;17,15700429;0,044438978;0,044438978;1,159285674;2,512237117
Elton SA;Greece;Chemicals;1,97907;0,075480328;0,678824496;0,891415267;0,045056489;0,045056489;22,80114003;1,721037521
Inform P Lykos SA;Greece;Industrial & Commercial Services;0,79968;0,189644416;2,124763775;0,750521099;-0,02933714;-0,02933714;14,89724209;2,82517877
Conduril Engenharia SA;Portugal;Industrial & Commercial Services;1,70152;0,170291958;0,729507401;1,093465347;0,023465392;0,023465392;2,762331584;0,470402853
Eltrak SA;Greece;Industrial Goods;0,9868;0,013811798;1,146508326;1,072055843;0,106213158;0,106213158;145,2975078;2,006819844
Cleen Energy AG;Austria;Industrial Goods;0,67438;0;1,833770139;0,971598091;-1,893882282;-1,893882282;#DIV/0!;2,675162628
MaltaPost plc;Malta;Transportation;1,52166;0;1,032404577;0,756006768;0,087911608;0,087911608;#DIV/0!;1,678661892
NET New Energy Technologies AG;Austria;Industrial Goods;Unable to collect data for the field 'TR.CurrentRatio' and some specific identifier(s).;#VALORE!;#VALORE!;#VALORE!;#VALORE!;#VALORE!;#VALORE!;#VALORE!
Frauenthal Holding AG;Austria;Industrial Conglomerates;1,37732;0,268972138;0,380733593;3,429030037;-0,03435618;-0,03435618;13,5643006;3,648418938
Team SA;France;Industrial Goods;2,46618;0,054110492;1,947704913;0,284456558;0,366837925;0,366837925;25,39458443;1,374113461
Mevaco SA;Greece;Industrial Goods;1,07747;0,111150283;3,660260619;0,390843055;-0,22530161;-0,22530161;14,03836547;1,560368293
Mincon Group PLC;"Ireland; Republic of";Industrial Goods;5,97236;0,016891689;1,290753453;0,221085869;0,121331618;0,121331618;69,29395018;1,170491843
Placoplatre SA;France;Cyclical Consumer Products;1,3278;0,252833004;1,274490125;0,849261024;0,104747315;0,104747315;9,541926726;2,412513997
Hutter & Schrantz Stahlbau AG;Austria;Industrial & Commercial Services;4,34161;0,231866737;0,557540128;1,415244905;0,162400853;0,162400853;9,238178099;2,142026216
Foodlink SA;Greece;Transportation;0,78437;0,220156546;0,265487733;5,876297615;-0,128689576;-0,128689576;12,76224876;2,809692603
H&K AG;Germany;Industrial Goods;1,9377;1,4622668;-0,877191575;-3,037751555;-0,107402207;-0,107402207;0,998918978;1,460686058
Nordecon AS;Estonia;Industrial & Commercial Services;1,11093;0,202116556;0,480400116;2,379141771;0,020121774;0,020121774;16,59639937;3,354407075
Rousselet Centrifugation SA;France;Industrial Goods;2,27537;0,054295077;0,762818605;0,662968915;0,055023104;0,055023104;21,65040847;1,175510601
Panevezio Statybos Trestas AB;Lithuania;Industrial & Commercial Services;2,54978;0,001052652;0,730677011;0,592428568;0,021813291;0,021813291;1366,962963;1,438936432
Cie de Chemins de Fer Departementaux SA;France;Industrial Goods;5,8843;0,258193;1,224950456;0,360739908;0,302431482;0,302431482;0,112324351;0,029001361
HTI High Tech Industries AG;Austria;Industrial Goods;0,98989;0,001631869;0,084079367;12,42082351;-0,141393036;-0,141393036;212,1495327;0,346200186
Intereuropa dd;Slovenia;Transportation;1,34149;1,618041299;2,639971018;1,101145387;-0,024199976;-0,024199976;2,237316218;3,62007004
Octopus Robots SA;France;Technology Equipment;Unable to collect data for the field 'TR.CurrentRatio' and some specific identifier(s).;#VALORE!;#VALORE!;#VALORE!;#VALORE!;#VALORE!;#VALORE!;#VALORE!
Maschinenfabrik Heid AG;Austria;Industrial Goods;0,66491;0;36,86606002;0,065888289;0,744511133;0,744511133;#DIV/0!;1,125072604
Valmieras Stikla Skiedra AS;Latvia;Mineral Resources;0,37593;0,096875929;1,262761383;2,485114065;0,174384907;0,174384907;27,57574782;2,671426176
Petros Petropoulos SA;Greece;Automobiles & Auto Parts;1,83179;0,250105448;0,716260181;1,159206605;0,055645076;0,055645076;6,955047981;1,739495393
East West Agro AB;Lithuania;Industrial Goods;NULL;#VALORE!;#VALORE!;#VALORE!;#VALORE!;#VALORE!;#VALORE!;#VALORE!
General Commercial and Industrial SA;Greece;Industrial Goods;4,58099;0,0585764;1,177578686;0,328055664;0,035548744;0,035548744;20,39891304;1,194894888
Hutter & Schrantz AG;Austria;Mineral Resources;1,0298;0;1,032272032;1,337812808;0,035924932;0,035924932;#DIV/0!;0,607135093
Sato Office and Houseware Supplies SA;Greece;Cyclical Consumer Products;0,23106;1,341448544;-3,537112029;-1,677725486;-0,562490931;-0,562490931;0,99095785;1,329318964
Groupe CIOA SA;France;Industrial & Commercial Services;1,69723;0,134102974;0,302031495;3,606523706;0,066104719;0,066104719;5,207725771;0,698371513
Green Energy 4 Seasons SA;Belgium;Renewable Energy;1,18456;0,287560348;1,152598409;1,432826297;0,023847715;0,023847715;1,999640714;0,57501738
Blue Shark Power System SA;France;Renewable Energy;Unable to collect data for the field 'TR.CurrentRatio' and some specific identifier(s).;#VALORE!;#VALORE!;#VALORE!;#VALORE!;#VALORE!;#VALORE!;#VALORE!
Anonymous Shipping Company of Crete SA;Greece;Transportation;0,89872;4,88819431;-0,002806271;-2226,848276;0,189858719;0,189858719;0,652282706;3,188484614
Ditton Pievadkezu Rupnica AS;Latvia;Automobiles & Auto Parts;0,81885;2,207322833;0,5630158;7,286435768;0,471353799;0,471353799;1,243391985;2,74456752
Air Marine SA;France;Technology Equipment;Unable to collect data for the field 'TR.CurrentRatio' and some specific identifier(s).;#VALORE!;#VALORE!;#VALORE!;#VALORE!;#VALORE!;#VALORE!;#VALORE!
Compagnie Aerienne Inter Regionale Express SA;France;Transportation;1,42777;1,611294096;0,741221769;3,129083436;0,172189576;0,172189576;1,387444546;2,235581205
Rigas Kugu Buvetava AS;Latvia;Industrial Goods;0,62876;0,435738208;4,951701977;0,443372407;-0,049844025;-0,049844025;4,770337024;2,078618107
Domiki Kritis SA;Greece;Industrial & Commercial Services;0,60237;0,525637912;1,514911649;1,896483891;-0,329478955;-0,329478955;2,529853992;1,329787169
Vogiatzoglou Systems SA;Greece;Cyclical Consumer Products;2,92597;0,081815057;1,03616363;0,441045717;0,103609488;0,103609488;18,07058824;1,478446201
Interwood Xylemporia ATENE;Greece;Applied Resources;1,51022;0,50487372;0,391038603;3,181782179;-0,007586613;-0,007586613;1,815137962;0,916415454
Valoneo SASU;France;Industrial & Commercial Services;Unable to collect data for the field 'TR.CurrentRatio' and some specific identifier(s).;#VALORE!;#VALORE!;#VALORE!;#VALORE!;#VALORE!;#VALORE!;#VALORE!
Cetis dd;Slovenia;Industrial & Commercial Services;1,80271;0,254009847;1,412506456;0,70138936;0,163474451;0,163474451;10,00891386;2,542362673
Urbar Ingenieros SA;Spain;Mineral Resources;0,34752;#VALORE!;0,038378611;94,42696629;-0,512656317;-0,512656317;#VALORE!;1,557171194
AEGEK SA;Greece;Industrial & Commercial Services;0,14727;0;-0,860205551;-2,825298479;-0,222405174;-0,222405174;#DIV/0!;0,643919699
Phone Web SA;France;Cyclical Consumer Services;2,54618;0,006303448;0,639829132;0,70176603;-0,022207789;-0,022207789;260,2324967;1,640362053
ZTS Sabinov as;Slovak Republic;Automobiles & Auto Parts;Unable to collect data for the field 'TR.CurrentRatio' and some specific identifier(s).;#VALORE!;#VALORE!;#VALORE!;#VALORE!;#VALORE!;#VALORE!;#VALORE!
Haidemenos SA;Greece;Industrial & Commercial Services;1,37477;0;1,003700894;0,792661721;-0,038554623;-0,038554623;#DIV/0!;0,990956648
A Toute Vitesse SA;France;Transportation;1,15335;0,157308113;0,706426684;1,487015881;0,107985443;0,107985443;20,56245327;3,234640717
Reibel SA;Belgium;Transportation;NULL;#VALORE!;#VALORE!;#VALORE!;#VALORE!;#VALORE!;#VALORE!;#VALORE!
Hopening SA;France;Cyclical Consumer Services;0,87384;0,1574216;0,099345811;13,43097581;0,000816848;0,000816848;11,6306751;1,830919487
Imprimerie Chirat SA;France;Industrial & Commercial Services;2,04186;0,919310793;0,646298155;2,300271168;0,157472345;0,157472345;2,392318719;2,199284417
D2l Groupe SA;France;Industrial & Commercial Services;Unable to collect data for the field 'TR.CurrentRatio' and some specific identifier(s).;#VALORE!;#VALORE!;#VALORE!;#VALORE!;#VALORE!;#VALORE!;#VALORE!
Proodeftiki Technical Co SA;Greece;Industrial & Commercial Services;1,42487;0,742647892;0,605777551;2,406037722;-0,029947199;-0,029947199;0;0
Bioter SA;Greece;Industrial & Commercial Services;0,20753;0;-2,175886136;-2,258456711;-0,533814879;-0,533814879;#DIV/0!;0,005485965
Les Verandas 4 Saisons SA;Belgium;Cyclical Consumer Products;NULL;#VALORE!;#VALORE!;#VALORE!;#VALORE!;#VALORE!;#VALORE!;#VALORE!
JSA Technology SA;France;Renewable Energy;NULL;#VALORE!;#VALORE!;#VALORE!;#VALORE!;#VALORE!;#VALORE!;#VALORE!
Krief Group SA;France;Industrial & Commercial Services;NULL;#VALORE!;#VALORE!;#VALORE!;#VALORE!;#VALORE!;#VALORE!;#VALORE!
Slovenske Energeticke Strojarne as;Slovak Republic;Industrial Goods;1,67993;1,160404624;-0,068147247;-28,80078125;0,213682689;0,213682689;1,074752573;1,247147855
Maritime Company of Lesvos SA;Greece;Transportation;0,20002;4,113031766;-1,128454118;-9,922083048;-3,259491636;-3,259491636;1,165266416;4,792777786
Litho Formas SA;Portugal;Industrial & Commercial Services;6,88115;0,024471065;2,911877943;0,185978256;-0,089004112;-0,089004112;12,04578665;0,294773228
Alpha Grissin Power and Environmental Control Systems SA;Greece;Software & IT Services;0,27622;0,002283448;-1,128915367;-3,273744712;-0,268891038;-0,268891038;594,8178408;1,358235834
Rigas Elektromasinbuves Rupnica AS;Latvia;Industrial Goods;1,09627;0,279253132;2,425130488;0,544347861;0,045351043;0,045351043;9,068015378;2,532271695
Wolftank Adisa Holding AG;Austria;Industrial & Commercial Services;Unable to collect data for the field 'TR.CurrentRatio' and some specific identifier(s).;#VALORE!;#VALORE!;#VALORE!;#VALORE!;#VALORE!;#VALORE!;#VALORE!
Desarrollos Especiales de Sistemas de Anclajes SA;Spain;Industrial Goods;1,10955;0,185049376;0,552523925;2,02925994;0,040358368;0,040358368;9,936897486;1,838816684
Ecolutions GmbH & Co KGaA;Germany;Industrial & Commercial Services;43,09338;0;2,719228376;0,05816013;-0,041141691;-0,041141691;#DIV/0!;0,181665051
Revival Expansion SA;France;Industrial & Commercial Services;0,05064;0,092113602;-18,46510737;-1,101081033;-0,06052969;-0,06052969;3,20208;0,294955122
